  c_sec  , code_cultu_c , code_cultu_s ,       s1_c       ,       s1_s       ,     s2_c      ,      s2_s      ,    tot_sai_c     ,    tot_sai_s     ,       pc_sau_c       ,       pc_sau_s       
 811-02  , C81          , C3           ,             4.85 ,              0.2 ,          0.38 ,           0.07 ,             5.23 ,             0.27 ,     0.16522607223191 ,   0.0085298354689514
 811-01  , C81          , C3           ,              2.2 ,             0.58 ,0,           0.04 ,              2.2 ,             0.62 ,    0.203488909854413 ,   0.0573468745953346
 753-04  , C81          , C3           ,0,            12.08 ,          0.12 ,          16.11 ,             0.12 ,            28.19 ,    0.010107476163202 ,     2.37441460867221
 753-03  , C81          , C3           ,             4.03 ,              0.8 ,0,           0.04 ,             4.03 ,             0.84 ,    0.164070578847516 ,    0.034198334052584
 753-02  , C81          , C3           ,             0.73 ,             0.13 ,0,            2.3 ,             0.73 ,             2.43 ,   0.0321608571529271 ,    0.107056003947415
 812-01  , C81          , C3           ,             0.44 ,             0.04 ,0,0,             0.44 ,             0.04 ,   0.0395232064099455 ,   0.0035930187645405
 811-09  , C81          , C3           ,            22.58 ,            0.055 ,         0.385 ,0,           22.965 ,            0.055 ,     2.53103870125147 ,  0.00606170818936777
 811-08  , C81          , C3           ,            30.46 ,            0.105 ,         5.175 ,0,           35.635 ,            0.105 ,     2.83947616903788 ,  0.00836663386414977
 811-07  , C81          , C3           ,           165.38 ,              0.1 ,         68.49 ,           0.25 ,           233.87 ,             0.35 ,     16.8655844577297 ,    0.025240323941529
 811-06  , C81          , C3           ,             0.03 ,             1.42 ,0,           0.34 ,             0.03 ,             1.76 , 0.000616296101516294 ,   0.0361560379556226
 811-05  , C81          , C3           ,            11.18 ,0,0,0,            11.18 ,0,     1.24096746622859 ,0
 811-04  , C81          , C3           ,             5.89 ,             0.22 ,         27.77 ,           0.13 ,            33.66 ,             0.35 ,     1.34607155853972 ,   0.0139965848333007
 811-03  , C81          , C3           ,             1.26 ,             3.06 ,0,           1.94 ,             1.26 ,5,   0.0405868994507884 ,    0.161059124804716
 753-01  , C81          , C3           ,             4.48 ,             20.2 ,          0.25 ,          20.85 ,             4.73 ,            41.05 ,    0.207497093724639 ,     1.80079401636288
 752-03  , C81          , C3           ,             1.19 ,            52.13 ,          0.03 ,          55.87 ,             1.22 ,108,   0.0257955931823516 ,     2.28354431450325
 922-01  , C81          , C3           ,            80.74 ,             0.05 ,1,           0.25 ,            81.74 ,              0.3 ,     5.43166232523524 ,    0.019935144330445
 921-06  , C81          , C3           ,             1.98 ,             2.67 ,          0.25 ,0,             2.23 ,             2.67 ,    0.192769834546429 ,    0.230805138223751
 921-05  , C81          , C3           ,             7.63 ,             0.06 ,0,0,             7.63 ,             0.06 ,     1.03674112723518 ,  0.00815261699005381
 921-04  , C81          , C3           ,             9.63 ,             0.14 ,          0.33 ,           0.12 ,             9.96 ,             0.26 ,    0.728160663240315 ,   0.0190082100845865
 921-03  , C81          , C3           ,            29.14 ,             0.53 ,          0.21 ,           0.12 ,            29.35 ,             0.65 ,     1.16856849364155 ,   0.0258797111027942
 921-02  , C81          , C3           ,              4.3 ,             0.18 ,          0.16 ,0,             4.46 ,             0.18 ,    0.333313404280761 ,   0.0134521104866675
 921-01  , C81          , C3           ,            11.63 ,             0.03 ,          0.57 ,           0.02 ,             12.2 ,             0.05 ,      1.1229956368858 ,  0.00460244113477789
 914-02  , C81          , C3           ,            32.06 ,             0.57 ,0,           0.74 ,            32.06 ,             1.31 ,       1.923388427273 ,   0.0785913549509554
 914-01  , C81          , C3           ,             32.5 ,             0.46 ,          1.25 ,0,            33.75 ,             0.46 ,     1.88953895249559 ,   0.0257537160932732
 913-03  , C81          , C3           ,            12.41 ,            29.34 ,0,0,            12.41 ,            29.34 ,    0.514476651631733 ,     1.21633722472804
 913-02  , C81          , C3           ,             7.52 ,            20.21 ,          1.94 ,          75.91 ,             9.46 ,            96.12 ,    0.783793860557604 ,      7.9638758854965
 913-01  , C81          , C3           ,            84.87 ,             3.26 ,         27.48 ,         111.02 ,           112.35 ,           114.28 ,     3.97128374795869 ,     4.03950428764325
 912-02  , C81          , C3           ,            84.81 ,             1.53 ,3,0,            87.81 ,             1.53 ,     2.11075134671272 ,   0.0367776968508196
 912-01  , C81          , C3           ,            45.69 ,0,          0.25 ,0,            45.94 ,0,    0.872569521606258 ,0
 911-06  , C81          , C3           ,             4.63 ,             2.41 ,0,           0.13 ,             4.63 ,             2.54 ,    0.152700456452336 ,   0.0837708767578692
 911-05  , C81          , C3           ,             6.52 ,           280.53 ,          0.06 ,          33.12 ,             6.58 ,           313.65 ,     0.17195781022966 ,     8.19674273229985
 911-04  , C81          , C3           ,            20.36 ,           289.04 ,          1.78 ,          62.12 ,            22.14 ,           351.16 ,    0.421619521707502 ,     6.68725886372205
 911-03  , C81          , C3           ,           31.285 ,             1.54 ,0,           0.05 ,           31.285 ,             1.59 ,     2.24439797261669 ,    0.114067213567542
 911-02  , C81          , C3           ,            13.57 ,             0.01 ,          4.19 ,0,            17.76 ,             0.01 ,     1.03013253675938 , 0.000580029581508657
 911-01  , C81          , C3           ,          107.885 ,             5.72 ,          0.25 ,           3.43 ,          108.135 ,             9.15 ,      5.0544427072013 ,    0.427689006990261
 834-06  , C81          , C3           ,1,0,0,0,1,0,    0.222469410456062 ,0
 834-05  , C81          , C3           ,              0.5 ,              3.5 ,0,0,              0.5 ,              3.5 ,   0.0278218290070389 ,    0.194752803049272
 834-04  , C81          , C3           ,0,              1.7 ,0,0,0,              1.7 ,0,   0.0816561794514626
 834-03  , C81          , C3           ,             0.54 ,             5.82 ,0,0,             0.54 ,             5.82 ,   0.0251204852905603 ,    0.270743008131594
 834-02  , C81          , C3           ,             0.09 ,             0.89 ,0,0,             0.09 ,             0.89 ,  0.00492788856401327 ,   0.0487313424663535
 834-01  , C81          , C3           ,             4.29 ,0,0,0,             4.29 ,0,     0.22052133505364 ,0
 833-03  , C81          , C3           ,             0.18 ,              0.1 ,0,0,             0.18 ,              0.1 ,  0.00534919866032291 ,  0.00297177703351273
 833-02  , C81          , C3           ,             4.89 ,0,          1.69 ,0,             6.58 ,0,     1.63397069778992 ,0
 833-01  , C81          , C3           ,             1.52 ,             0.96 ,0,           0.44 ,             1.52 ,              1.4 ,   0.0300534239154075 ,   0.0276807851852438
 832-04  , C81          , C3           ,             7.52 ,             0.05 ,          0.65 ,           0.05 ,             8.17 ,              0.1 ,    0.613091798677763 ,  0.00750418358234716
 832-03  , C81          , C3           ,             5.28 ,             6.84 ,          9.29 ,           1.17 ,            14.57 ,             8.01 ,    0.882313757312243 ,    0.485060617437959
 832-02  , C81          , C3           ,             0.33 ,             1.16 ,          0.04 ,           0.14 ,             0.37 ,              1.3 ,  0.00971970473113195 ,   0.0341503139201933
 832-01  , C81          , C3           ,            18.25 ,             1.59 ,           0.2 ,           0.82 ,            18.45 ,             2.41 ,     1.76973324508647 ,    0.231168407623761
 831-03  , C81          , C3           ,             5.28 ,             0.06 ,         15.39 ,            0.5 ,            20.67 ,             0.56 ,       1.517576576312 ,   0.0411147983906493
 831-02  , C81          , C3           ,             0.96 ,0,          0.25 ,0,             1.21 ,0,    0.104509453355099 ,0
 831-01  , C81          , C3           ,              1.1 ,             0.21 ,          0.64 ,           0.13 ,             1.74 ,             0.34 ,    0.163170381762428 ,   0.0318838677007043
 823-03  , C81          , C3           ,             0.37 ,             0.26 ,0,           0.31 ,             0.37 ,             0.57 ,   0.0584795321637427 ,   0.0900900900900901
 823-02  , C81          , C3           ,             3.29 ,             1.25 ,0,            0.2 ,             3.29 ,             1.45 ,    0.347754394495122 ,    0.153265614595115
 823-01  , C81          , C3           ,             77.5 ,             5.71 ,          3.12 ,           2.75 ,            80.62 ,             8.46 ,     4.03903768499314 ,     0.42384344846244
 822-05  , C81          , C3           ,             7.15 ,0,0,0,             7.15 ,0,    0.860440208431111 ,0
 822-04  , C81          , C3           ,            10.02 ,             0.81 ,          0.05 ,0,            10.07 ,             0.81 ,      0.9292068061861 ,   0.0747425534270845
 822-03  , C81          , C3           ,             3.07 ,             1.31 ,          0.08 ,           0.65 ,             3.15 ,             1.96 ,    0.282741968781696 ,    0.175928336130833
 822-02  , C81          , C3           ,              2.3 ,0,0,0,              2.3 ,0,    0.429778010314672 ,0
 822-01  , C81          , C3           ,            21.36 ,             0.19 ,0,0,            21.36 ,             0.19 ,     1.82809410918925 ,    0.016261136739043
 821-04  , C81          , C3           ,             7.28 ,             0.65 ,0,0,             7.28 ,             0.65 ,    0.957428620276971 ,   0.0854846982390152
 821-02  , C81          , C3           ,            11.47 ,             7.97 ,          2.35 ,           7.29 ,            13.82 ,            15.26 ,    0.736469635282331 ,    0.813207426512907
 821-01  , C81          , C3           ,            10.53 ,              1.5 ,0,           0.19 ,            10.53 ,             1.69 ,     0.59152318624835 ,   0.0949358200151673
 815-02  , C81          , C3           ,             1.07 ,             0.99 ,0,0,             1.07 ,             0.99 ,   0.0380884577734271 ,    0.035240722612797
 815-01  , C81          , C3           ,             1.43 ,             0.23 ,0,0,             1.43 ,             0.23 ,    0.073809499230936 ,   0.0118714579182624
 814-02  , C81          , C3           ,             1.16 ,             2.14 ,          0.04 ,           2.73 ,              1.2 ,             4.87 ,   0.0596617180586077 ,    0.242127139121183
 814-01  , C81          , C3           ,             0.12 ,             0.43 ,0,           0.49 ,             0.12 ,             0.92 ,  0.00877950278749214 ,    0.067309521370773
 813-01  , C81          , C3           ,             5.23 ,             0.11 ,0,0,             5.23 ,             0.11 ,    0.502169988862004 ,   0.0105618926911703
 812-04  , C81          , C3           ,             16.1 ,0,          0.13 ,0,            16.23 ,0,     2.25573314801946 ,0
 812-03  , C81          , C3           ,             9.79 ,             0.21 ,           1.2 ,0,            10.99 ,             0.21 ,    0.993661901791123 ,   0.0189871700979195
 812-02  , C81          , C3           ,            19.69 ,             0.03 ,          1.58 ,0,            21.27 ,             0.03 ,     2.23939524747055 ,  0.00315852644213053
 752-02  , C81          , C3           ,0,             9.64 ,0,           5.15 ,0,            14.79 ,0,    0.781278888566071
 752-01  , C81          , C3           ,             0.06 ,            56.77 ,          0.27 ,          38.63 ,             0.33 ,             95.4 ,   0.0152145247996754 ,     4.39838080572435
 751-03  , C81          , C3           ,             6.22 ,            97.15 ,          0.39 ,         558.41 ,             6.61 ,           655.56 ,    0.210890365724094 ,     20.9154747585608
 751-02  , C81          , C3           ,              3.1 ,            12.87 ,          0.08 ,         187.38 ,             3.18 ,           200.25 ,     0.17898451615082 ,     11.2709589179879
 751-01  , C81          , C3           ,             0.91 ,             1.95 ,0,           0.75 ,             0.91 ,              2.7 ,   0.0811644874150449 ,     0.24081770991277
 743-03  , C81          , C3           ,             0.13 ,            22.73 ,0,          49.22 ,             0.13 ,            71.95 ,   0.0251120383248339 ,     13.8985473651677
 743-02  , C81          , C3           ,             0.25 ,            24.75 ,0,          60.45 ,             0.25 ,             85.2 ,   0.0528072324785603 ,     17.9967048286933
 743-01  , C81          , C3           ,             2.49 ,             12.8 ,0,         283.69 ,             2.49 ,           296.49 ,    0.232536421367202 ,     27.6886440044826
 742-02  , C81          , C3           ,             4.04 ,            10.14 ,0,          44.55 ,             4.04 ,            54.69 ,    0.434049228058489 ,     5.87578026795019
 742-01  , C81          , C3           ,             1.05 ,            44.25 ,0,          19.08 ,             1.05 ,            63.33 ,     0.15485355278294 ,     9.33988142642244
 741-03  , C81          , C3           ,             0.26 ,            11.61 ,0,          82.74 ,             0.26 ,            94.35 ,   0.0272276968510121 ,     9.88051229958845
 741-02  , C81          , C3           ,             1.21 ,             9.41 ,0,         138.45 ,             1.21 ,           147.86 ,    0.105593856357448 ,     12.9033947115804
 741-01  , C81          , C3           ,             2.97 ,            16.19 ,0,         237.91 ,             2.97 ,            254.1 ,    0.228299972327276 ,     19.5323309657781
 733-05  , C81          , C3           ,             0.25 ,             5.79 ,0,           7.35 ,             0.25 ,            13.14 ,   0.0375951156425757 ,     1.97599927817378
 733-04  , C81          , C3           ,             0.24 ,            58.11 ,0,          100.4 ,             0.24 ,           158.51 ,    0.012116377808854 ,     8.00236269367273
 733-03  , C81          , C3           ,             5.16 ,            77.43 ,         18.57 ,          45.75 ,            23.73 ,           123.18 ,     2.03254817987152 ,     10.5507494646681
 733-02  , C81          , C3           ,             8.14 ,            23.28 ,1,         194.25 ,             9.14 ,           217.53 ,    0.247452377600416 ,     5.88931243976132
 733-01  , C81          , C3           ,            11.33 ,            16.35 ,0,         416.37 ,            11.33 ,           432.72 ,    0.484107349629763 ,     18.4892261546153
 732-08  , C81          , C3           ,              0.7 ,             0.07 ,           0.6 ,         534.55 ,              1.3 ,           534.62 ,   0.0821049174529792 ,     33.7653315143936
 732-07  , C81          , C3           ,0,             2.39 ,0,          88.03 ,0,            90.42 ,0,     10.8589133880963
 732-06  , C81          , C3           ,            21.43 ,            32.35 ,          2.74 ,            2.2 ,            24.17 ,            34.55 ,     3.73126263951711 ,     5.33368325177147
 732-05  , C81          , C3           ,             1.25 ,             5.95 ,0,         202.65 ,             1.25 ,            208.6 ,    0.106208525570765 ,     17.7240787472492
 732-04  , C81          , C3           ,             2.38 ,             1.97 ,          0.05 ,          21.22 ,             2.43 ,            23.19 ,    0.496019595835885 ,     4.73361910593999
 732-03  , C81          , C3           ,             7.71 ,              3.7 ,2,         195.92 ,             9.71 ,           199.62 ,    0.771768072169456 ,     15.8661526844971
 732-02  , C81          , C3           ,            18.18 ,             2.56 ,          4.68 ,         658.48 ,            22.86 ,           661.04 ,     1.07178020535421 ,     30.9925453607764
 732-01  , C81          , C3           ,0,             3.57 ,0,         105.78 ,0,           109.35 ,0,     12.6662187833017
 731-10  , C81          , C3           ,             0.25 ,             4.94 ,           0.7 ,          411.7 ,             0.95 ,           416.64 ,   0.0772238434713337 ,     33.8679390988384
 731-09  , C81          , C3           ,0,             5.01 ,          0.07 ,         450.92 ,             0.07 ,           455.93 ,  0.00561207719011312 ,     36.5530621898325
 731-08  , C81          , C3           ,             1.99 ,            10.94 ,0,         347.09 ,             1.99 ,           358.03 ,    0.169252228345921 ,      30.450942369191
 731-07  , C81          , C3           ,             0.24 ,           137.36 ,          0.03 ,          438.3 ,             0.27 ,           575.66 ,   0.0135338345864662 ,     28.8551378446115
 731-06  , C81          , C3           ,             1.93 ,            29.13 ,0,         829.42 ,             1.93 ,           858.55 ,   0.0877963125548727 ,     39.0557119917026
 731-05  , C81          , C3           ,             0.77 ,            20.87 ,          0.14 ,         115.77 ,             0.91 ,           136.64 ,    0.128315402078428 ,     19.2670511428531
 731-04  , C81          , C3           ,             1.57 ,             18.4 ,          0.16 ,         585.26 ,             1.73 ,           603.66 ,   0.0792026626744863 ,     27.6366932659424
 731-03  , C81          , C3           ,             1.52 ,           31.575 ,          0.28 ,          22.02 ,              1.8 ,           53.595 ,    0.309520329467195 ,     9.21596780988574
 731-02  , C81          , C3           ,             1.15 ,             1.65 ,          0.12 ,        192.815 ,             1.27 ,          194.465 ,    0.221996923507202 ,     33.9926234093134
 731-01  , C81          , C3           ,             4.75 ,           17.365 ,          0.28 ,        633.185 ,             5.03 ,           650.55 ,    0.300523675948248 ,     38.8679279101655
 723-03  , C81          , C3           ,             0.16 ,            13.84 ,0,          116.2 ,             0.16 ,           130.04 ,   0.0123304562268804 ,      10.021578298397
 723-02  , C81          , C3           ,             1.87 ,           109.65 ,          0.08 ,         167.02 ,             1.95 ,           276.67 ,    0.103160957545298 ,     14.6366882687475
 723-01  , C81          , C3           ,             0.89 ,            32.12 ,          0.06 ,          22.96 ,             0.95 ,            55.08 ,    0.150143030992683 ,     8.70513489165995
 722-03  , C81          , C3           ,             2.69 ,            10.52 ,0,         444.35 ,             2.69 ,           454.87 ,    0.206781511119311 ,     34.9660616962234
 722-02  , C81          , C3           ,             0.78 ,            18.29 ,0,         491.96 ,             0.78 ,           510.25 ,   0.0440879724619741 ,     28.8408819855414
 722-01  , C81          , C3           ,0,              3.5 ,0,         435.52 ,0,           439.02 ,0,     30.1576506955178
 721-02  , C81          , C3           ,            0.685 ,            48.49 ,          0.31 ,         491.07 ,            0.995 ,           539.56 ,   0.0655564889394014 ,     35.5494062031592
 721-01  , C81          , C3           ,            0.605 ,             47.3 ,0,         655.33 ,            0.605 ,           702.63 ,   0.0273766185577273 ,     31.7944355325884
 716-01  , C81          , C3           ,            51.79 ,            88.71 ,          0.87 ,           29.2 ,            52.66 ,           117.91 ,     2.35423503008736 ,      5.2713226813065
 715-03  , C81          , C3           ,             0.15 ,            33.26 ,0,          24.77 ,             0.15 ,            58.03 ,   0.0137903136836686 ,     5.33501268708859
 715-02  , C81          , C3           ,             0.12 ,            68.81 ,0,          28.38 ,             0.12 ,            97.19 ,     0.01386497822043 ,     11.2294769436966
 715-01  , C81          , C3           ,             0.19 ,             17.5 ,           0.5 ,          68.24 ,             0.69 ,            85.74 ,   0.0729641418253725 ,     9.06658771030064
 714-03  , C81          , C3           ,             2.23 ,             9.46 ,           0.2 ,           8.62 ,             2.43 ,            18.08 ,    0.594902930447769 ,     4.42627365534801
 714-02  , C81          , C3           ,0,            39.04 ,0,        150.965 ,0,          190.005 ,0,     19.8128258602711
 714-01  , C81          , C3           ,             0.16 ,             6.77 ,0,         17.595 ,             0.16 ,           24.365 ,   0.0207892103998025 ,     3.16580694619493
 713-03  , C81          , C3           ,             0.24 ,             9.45 ,0,            8.1 ,             0.24 ,            17.55 ,  0.00778795981412736 ,    0.569494561408063
 713-02  , C81          , C3           ,             5.84 ,            27.07 ,          4.58 ,          96.79 ,            10.42 ,           123.86 ,    0.490216833914349 ,     5.82708800850587
 713-01  , C81          , C3           ,0,            17.72 ,0,          21.86 ,0,            39.58 ,0,     3.72366947964588
 712-04  , C81          , C3           ,             0.63 ,            14.54 ,0,          35.64 ,             0.63 ,            50.18 ,   0.0463293205768368 ,      3.6901671532471
 712-03  , C81          , C3           ,            16.69 ,             9.45 ,          0.69 ,          50.87 ,            17.38 ,            60.32 ,     1.53820283390419 ,      5.3385727814212
 712-02  , C81          , C3           ,              5.1 ,            18.83 ,           0.4 ,          20.92 ,              5.5 ,            39.75 ,    0.407081742013796 ,     2.94209077182698
 712-01  , C81          , C3           ,             9.96 ,            21.75 ,          1.81 ,         123.54 ,            11.77 ,           145.29 ,    0.708792763930458 ,     8.74940532467767
 711-06  , C81          , C3           ,            80.77 ,            31.14 ,          8.46 ,         100.26 ,            89.23 ,            131.4 ,     9.16439003348191 ,     13.4954706981903
 711-05  , C81          , C3           ,0,            32.28 ,0,         437.76 ,0,           470.04 ,0,     32.2413367355338
 711-04  , C81          , C3           ,            18.53 ,4,          0.16 ,        527.775 ,            18.69 ,          531.775 ,    0.657252725805345 ,     18.7004049366045
 711-03  , C81          , C3           ,0,            17.45 ,0,         502.95 ,0,            520.4 ,0,     24.8229149276157
 711-02  , C81          , C3           ,             0.18 ,            41.14 ,0,          13.53 ,             0.18 ,            54.67 ,  0.00715668772588295 ,     2.17364509985567
 711-01  , C81          , C3           ,             2.49 ,             8.27 ,          0.08 ,         13.885 ,             2.57 ,           22.155 ,    0.147240388554208 ,     1.26930381650525
 642-02  , C81          , C3           ,             5.77 ,            26.43 ,          1.85 ,         653.16 ,             7.62 ,           679.59 ,   0.0502712801891572 ,     4.48344610285425
 642-01  , C81          , C3           ,            16.18 ,            29.44 ,          1.79 ,        1031.85 ,            17.97 ,          1061.29 ,     0.15045475514891 ,     8.88570545865257
 641-03  , C81          , C3           ,             1.71 ,           116.11 ,0,           62.7 ,             1.71 ,           178.81 ,     0.01514176142074 ,     1.58333237405995
 641-02  , C81          , C3           ,            75.63 ,           458.32 ,          5.13 ,          89.44 ,            80.76 ,           547.76 ,     1.05981609382443 ,     7.18827220843575
 641-01  , C81          , C3           ,             6.61 ,           277.34 ,0,          43.09 ,             6.61 ,           320.43 ,   0.0499926637089565 ,     2.42347189595475
 633-02  , C81          , C3           ,             3.53 ,            14.95 ,0,           0.33 ,             3.53 ,            15.28 ,   0.0634621573178339 ,    0.274703049239802
 633-01  , C81          , C3           ,             0.38 ,            50.53 ,0,           0.08 ,             0.38 ,            50.61 ,   0.0177861820088088 ,     2.36883860912057
 632-03  , C81          , C3           ,             0.31 ,            32.48 ,0,          21.92 ,             0.31 ,             54.4 ,  0.00958265971357121 ,     1.68160222070411
 632-02  , C81          , C3           ,            29.94 ,            38.86 ,0,          23.66 ,            29.94 ,            62.52 ,    0.721945055978472 ,     1.50754859384683
 632-01  , C81          , C3           ,            14.76 ,            40.07 ,          0.42 ,          14.65 ,            15.18 ,            54.72 ,    0.146538675398492 ,    0.528234276535277
 631-02  , C81          , C3           ,            45.84 ,           182.77 ,          3.19 ,          26.83 ,            49.03 ,            209.6 ,    0.757935287197649 ,     3.24012311231139
 631-01  , C81          , C3           ,             3.42 ,           303.16 ,0,          61.33 ,             3.42 ,           364.49 ,   0.0990319769041214 ,     10.5544342870711
 623-03  , C81          , C3           ,             9.86 ,           638.16 ,          0.02 ,           0.25 ,             9.88 ,           638.41 ,    0.242129563823686 ,     15.6455399636315
 623-02  , C81          , C3           ,            37.28 ,            364.8 ,0,           0.68 ,            37.28 ,           365.48 ,     1.37936137936138 ,     13.5227735227735
 623-01  , C81          , C3           ,0,           319.44 ,0,           4.88 ,0,           324.32 ,0,     11.6129263270969
 622-04  , C81          , C3           ,             0.72 ,            75.62 ,          0.18 ,0,              0.9 ,            75.62 ,   0.0127959962749433 ,     1.07514804256801
 622-03  , C81          , C3           ,             2.13 ,           177.71 ,0,           0.49 ,             2.13 ,            178.2 ,    0.148526243122817 ,     12.4259983683032
 622-02  , C81          , C3           ,  17.536666666698 , 246.671666668141 ,          1.93 , 0.101666666675 ,  19.466666666698 , 246.773333334816 ,     1.21682510742463 ,     15.4253418413111
 622-01  , C81          , C3           ,   8.003333333302 , 213.948333331859 ,0, 0.708333333325 ,   8.003333333302 , 214.656666665184 ,    0.467957757118998 ,     12.5510519304881
 621-04  , C81          , C3           ,           378.55 ,            557.4 ,          2.13 ,           2.65 ,           380.68 ,           560.05 ,     8.85312619914185 ,     13.0245700531402
 621-03  , C81          , C3           ,           340.22 ,            691.3 ,          3.25 ,           0.28 ,           343.47 ,           691.58 ,     9.04580182828067 ,      18.213805072939
 621-02  , C81          , C3           ,            29.04 ,           381.49 ,          0.08 ,           1.86 ,            29.12 ,           383.35 ,     0.68168942866373 ,      8.9740948653242
 621-01  , C81          , C3           ,           112.54 ,           234.56 ,          0.37 ,           0.69 ,           112.91 ,           235.25 ,     4.10680381473372 ,     8.55659903831465
 614-01  , C81          , C3           ,            46.76 ,           539.67 ,          3.71 ,         131.33 ,            50.47 ,671,    0.481225805221305 ,     6.39790995251625
 613-04  , C81          , C3           ,             1.33 ,            40.25 ,          0.05 ,         851.89 ,             1.38 ,           892.14 ,   0.0381340827509596 ,     24.6528554966964
 613-03  , C81          , C3           ,             3.37 ,           437.56 ,          1.25 ,         124.97 ,             4.62 ,           562.53 ,   0.0682809747330835 ,     8.31387374818213
 613-02  , C81          , C3           ,            18.86 ,            514.7 ,           0.1 ,          64.96 ,            18.96 ,           579.66 ,    0.620473667503346 ,     18.9696079169298
 613-01  , C81          , C3           ,           203.94 ,           340.58 ,          5.44 ,        1000.46 ,           209.38 ,          1341.04 ,     3.77766992568429 ,      24.195274033526
 612-03  , C81          , C3           ,            81.35 ,           562.89 ,0,0,            81.35 ,           562.89 ,     1.68504648118382 ,     11.6594445457106
 612-02  , C81          , C3           ,            15.05 ,           125.94 ,0,           3.88 ,            15.05 ,           129.82 ,    0.561200708492589 ,     4.84086883564836
 612-01  , C81          , C3           ,           295.97 ,           942.45 ,0,         1335.7 ,           295.97 ,          2278.15 ,     3.15628612501013 ,     24.2946691748888
 611-04  , C81          , C3           ,            22.24 ,           177.17 ,1,        2217.28 ,            23.24 ,          2394.45 ,    0.227383688449124 ,     23.4276623410932
 611-03  , C81          , C3           ,           253.14 ,           364.62 ,          4.73 ,         193.98 ,           257.87 ,            558.6 ,     2.77919681675429 ,     6.02031776414063
 611-02  , C81          , C3           ,            42.49 ,           214.05 ,        122.36 ,        3284.62 ,           164.85 ,          3498.67 ,      1.5435089759471 ,     32.7584382704085
 611-01  , C81          , C3           ,            54.31 ,           487.61 ,         23.87 ,        2815.64 ,            78.18 ,          3303.25 ,    0.605825784404131 ,     25.5972630127008
 552-03  , C81          , C3           ,             5.74 ,             6.33 ,          0.23 ,           0.05 ,             5.97 ,             6.38 ,     1.68534567936087 ,     1.80108968749118
 552-02  , C81          , C3           ,             3.44 ,             0.78 ,0,           0.39 ,             3.44 ,             1.17 ,    0.237282290050009 ,   0.0807035695809622
 552-01  , C81          , C3           ,            17.18 ,            16.66 ,0,           0.05 ,            17.18 ,            16.71 ,     1.08320775773472 ,     1.05357401814594
 551-08  , C81          , C3           , 1554.38333321574 ,  435.02333331597 , 0.49999999995 ,          28.27 , 1554.88333321569 ,  463.29333331597 ,     33.7931673994636 ,     10.0690185773766
 551-07  , C81          , C3           ,             3.39 ,           237.38 ,0,           0.23 ,             3.39 ,           237.61 ,    0.159648114833618 ,     11.1899671285003
 551-06  , C81          , C3           ,           185.71 ,           514.59 ,          0.13 ,           0.02 ,           185.84 ,           514.61 ,     7.28241702261061 ,     20.1657588463498
 551-05  , C81          , C3           ,           139.66 ,           458.16 ,          0.25 ,          67.93 ,           139.91 ,           526.09 ,     5.89745319046696 ,     22.1756211062309
 551-04  , C81          , C3           ,           271.12 ,437,0,           8.98 ,           271.12 ,           445.98 ,     6.54392384409666 ,     10.7644554292941
 551-03  , C81          , C3           , 1573.08333321574 ,  429.45333331597 , 0.89999999995 ,           0.08 , 1573.98333321569 ,  429.53333331597 ,     26.4679290160559 ,     7.22298485398196
 551-02  , C81          , C3           ,           529.14 ,             92.4 ,0,0,           529.14 ,             92.4 ,     37.4585870026901 ,     6.54112983151635
 551-01  , C81          , C3           , 1730.05333321574 ,  575.80333331597 , 0.49999999995 ,           0.25 , 1730.55333321569 ,  576.05333331597 ,     31.2817123154127 ,     10.4128167016039
 544-01  , C81          , C3           ,0,             0.02 ,0,0,0,             0.02 ,0, 0.000497366444675443
 543-01  , C81          , C3           ,              0.1 ,             0.02 ,          0.01 ,           0.36 ,             0.11 ,             0.38 ,  0.00337849251663908 ,   0.0116711559665714
 542-06  , C81          , C3           ,             0.27 ,            148.2 ,0,0,             0.27 ,            148.2 ,  0.00787566943190171 ,     4.32286744373272
 542-05  , C81          , C3           ,             1.89 ,           207.85 ,0,0,             1.89 ,           207.85 ,   0.0490084221881094 ,     5.38962992158652
 542-04  , C81          , C3           ,             8.65 ,           396.42 ,          0.12 ,          10.63 ,             8.77 ,           407.05 ,    0.273179787810637 ,     12.6793423749509
 542-03  , C81          , C3           ,             1.41 ,            76.72 ,0,           5.46 ,             1.41 ,            82.18 ,   0.0631805350181476 ,     3.68239458708608
 542-02  , C81          , C3           ,             0.25 ,             7.28 ,          0.01 ,           2.67 ,             0.26 ,             9.95 ,   0.0098255956767379 ,    0.376017988398239
 542-01  , C81          , C3           ,             0.03 ,              0.3 ,0,           0.79 ,             0.03 ,             1.09 , 0.000522781966810316 ,   0.0189944114607748
 541-06  , C81          , C3           ,             6.81 ,           525.32 ,0,2,             6.81 ,           527.32 ,    0.175380312594161 ,      13.580256451858
 541-05  , C81          , C3           ,             3.42 ,            75.33 ,0,0,             3.42 ,            75.33 ,    0.260867575380813 ,     5.74595159457212
 541-04  , C81          , C3           ,              0.6 ,           113.94 ,          0.02 ,          16.97 ,             0.62 ,           130.91 ,   0.0241716341974043 ,      5.1037236012616
 541-03  , C81          , C3           ,              0.4 ,            42.42 ,0,           4.13 ,              0.4 ,            46.55 ,  0.00579114244762636 ,    0.673944202342517
 541-02  , C81          , C3           ,0,             0.55 ,0,           0.27 ,0,             0.82 ,0,    0.013146145053282
 541-01  , C81          , C3           ,0,             0.78 ,0,           0.15 ,0,             0.93 ,0,   0.0263002355709272
 533-02  , C81          , C3           ,            11.82 ,           285.29 ,          0.25 ,           3.85 ,            12.07 ,           289.14 ,     0.42756842157467 ,     10.2425131246148
 533-01  , C81          , C3           ,             2.93 ,           344.21 ,          0.03 ,          20.64 ,             2.96 ,           364.85 ,    0.110849383400305 ,      13.663309977568
 532-06  , C81          , C3           ,             0.19 ,              6.9 ,0,           0.24 ,             0.19 ,             7.14 ,   0.0126368437154981 ,    0.474879284887665
 532-05  , C81          , C3           ,           3.7453 ,         814.0621 ,0,         2.6823 ,           3.7453 ,         816.7444 ,   0.0881727174830116 ,     19.2279852714153
 532-04  , C81          , C3           ,           2.6253 ,         474.8521 ,          2.21 ,         2.1273 ,           4.8353 ,         476.9794 ,    0.201129683867879 ,     19.8404888907598
 532-03  , C81          , C3           ,           11.175 ,           43.725 ,         13.21 ,            3.1 ,           24.385 ,           46.825 ,     1.93909561884465 ,     3.72352480428136
 532-02  , C81          , C3           ,           7.4003 ,         152.1771 ,          0.01 ,         7.1973 ,           7.4103 ,         159.3744 ,    0.315205054918748 ,     6.77916096576961
 532-01  , C81          , C3           ,            12.39 ,            49.94 ,          0.01 ,          18.07 ,             12.4 ,            68.01 ,    0.494301579771904 ,     2.71108471292638
 531-06  , C81          , C3           ,  51.593333333305 ,  31.473333333118 ,          4.64 ,  3.02333333333 ,  56.233333333305 ,  34.496666666448 ,     7.85188012272828 ,     4.81678170655843
 531-05  , C81          , C3           ,   1.533333333305 ,   5.723333333118 ,          0.25 ,  1.09333333333 ,   1.783333333305 ,   6.816666666448 ,     0.02997648946687 ,    0.114583029829452
 531-04  , C81          , C3           ,           270.75 ,           258.12 ,         20.54 ,           9.18 ,           291.29 ,            267.3 ,     9.57384570887674 ,     8.78536495582668
 531-03  , C81          , C3           ,             0.11 ,           130.66 ,0,           0.25 ,             0.11 ,           130.91 ,  0.00536219167397875 ,     6.38149556400507
 531-02  , C81          , C3           ,   5.853333333305 , 241.793333333118 ,0,  3.60333333333 ,   5.853333333305 , 245.396666666448 ,    0.133136610596119 ,     5.58165383571436
 531-01  , C81          , C3           ,              3.1 ,            81.92 ,          0.74 ,           3.88 ,             3.84 ,             85.8 ,    0.156265260279324 ,     3.49155190936615
 523-02  , C81          , C3           ,0,           947.13 ,0,         794.19 ,0,          1741.32 ,0,     55.2860551393724
 523-01  , C81          , C3           ,             3.35 ,          3631.76 ,0,           7.17 ,             3.35 ,          3638.93 ,   0.0571413463695203 ,      62.069659565504
 522-03  , C81          , C3           ,            16.32 ,           414.17 ,0,           9.12 ,            16.32 ,           423.29 ,    0.554996327230187 ,      14.394877166254
 522-02  , C81          , C3           ,0,            84.23 ,0,0,0,            84.23 ,0,     11.2670215896626
 522-01  , C81          , C3           ,              1.7 ,           204.51 ,0,           0.29 ,              1.7 ,            204.8 ,    0.105959934678817 ,     12.7650556601304
 521-08  , C81          , C3           ,           166.65 ,           206.64 ,          1.31 ,        1198.23 ,           167.96 ,          1404.87 ,     5.13485255183462 ,     42.9495136014283
 521-07  , C81          , C3           ,           320.68 ,            143.3 ,           0.3 ,         121.41 ,           320.98 ,           264.71 ,     15.8530562250583 ,     13.0739065154688
 521-06  , C81          , C3           ,           465.63 ,           238.91 ,          0.69 ,          16.57 ,           466.32 ,           255.48 ,     13.6328155833677 ,     7.46893061682702
 521-05  , C81          , C3           ,             1.87 ,            119.9 ,0,           0.65 ,             1.87 ,           120.55 ,    0.116281961993831 ,     7.49614466222266
 521-04  , C81          , C3           ,             9.79 ,            93.26 ,0,           1.84 ,             9.79 ,             95.1 ,     0.39581463422523 ,     3.84494093103364
 521-03  , C81          , C3           ,           165.93 ,           286.56 ,0,           5.51 ,           165.93 ,           292.07 ,     5.07048192955168 ,     8.92506272020828
 521-02  , C81          , C3           ,             7.98 ,            38.97 ,0,           0.95 ,             7.98 ,            39.92 ,    0.446051771071475 ,     2.23137677959565
 521-01  , C81          , C3           ,             0.54 ,            75.53 ,0,           6.16 ,             0.54 ,            81.69 ,   0.0723114211872464 ,     10.9391111051596
 513-02  , C81          , C3           ,0,            40.81 ,0,          0.635 ,0,           41.445 ,0,     2.40947395041524
 513-01  , C81          , C3           ,0,           201.19 ,0,        163.025 ,0,          364.215 ,0,     16.5952444417106
 512-04  , C81          , C3           ,             0.53 ,           164.29 ,0,           3.94 ,             0.53 ,           168.23 ,   0.0556261085863622 ,     17.6565665046862
 512-03  , C81          , C3           ,0,           122.03 ,0,           1.71 ,0,           123.74 ,0,     14.3965747926144
 512-02  , C81          , C3           ,0,           365.96 ,0,         176.38 ,0,           542.34 ,0,     13.5887689829094
 512-01  , C81          , C3           ,           293.37 ,           350.97 ,          9.33 ,         149.53 ,            302.7 ,            500.5 ,     8.63010300813402 ,     14.2694633484344
 511-05  , C81          , C3           ,              0.2 ,           411.75 ,          0.69 ,         758.42 ,             0.89 ,          1170.17 ,   0.0273586036660529 ,     35.9710306201181
 511-04  , C81          , C3           ,              0.5 ,           201.12 ,0,        1062.24 ,              0.5 ,          1263.36 ,   0.0164921250103076 ,     41.6709821060443
 511-03  , C81          , C3           ,             1.02 ,          1013.13 ,0,         165.63 ,             1.02 ,          1178.76 ,   0.0377741402679742 ,     43.6535741002718
 511-02  , C81          , C3           ,           107.23 ,          593.565 ,          0.35 ,        428.365 ,           107.58 ,          1021.93 ,     4.01122307254915 ,     38.1036363127919
 511-01  , C81          , C3           ,             1.97 ,          381.735 ,0,        204.185 ,             1.97 ,           585.92 ,   0.0774354328031431 ,     23.0309486233592
 443-02  , C81          , C3           ,            32.45 ,            80.24 ,0,0,            32.45 ,            80.24 ,    0.722438793070822 ,     1.78639410650239
 443-01  , C81          , C3           ,            27.24 ,            42.47 ,0,           2.33 ,            27.24 ,             44.8 ,    0.857499024138409 ,     1.41027739652719
 442-02  , C81          , C3           ,            63.72 ,             5.76 ,           0.1 ,           0.28 ,            63.82 ,             6.04 ,     5.61045080526057 ,    0.530979675082636
 442-01  , C81          , C3           ,            58.87 ,             5.49 ,0,0,            58.87 ,             5.49 ,     2.58033127473712 ,    0.240632218418665
 441-03  , C81          , C3           ,             0.02 ,            55.83 ,0,            0.3 ,             0.02 ,            56.13 ,  0.00206850901869932 ,     5.80527056097965
 441-02  , C81          , C3           ,             1.03 ,             1.87 ,0,0,             1.03 ,             1.87 ,    0.136411193664164 ,    0.247659157429113
 441-01  , C81          , C3           ,             5.41 ,            10.69 ,          0.71 ,           1.68 ,             6.12 ,            12.37 ,    0.186181216383947 ,    0.376317262527684
 434-02  , C81          , C3           ,0,             0.45 ,0,0,0,             0.45 ,0,    0.220113480727842
 434-01  , C81          , C3           ,             2.71 ,              0.6 ,          0.48 ,0,             3.19 ,              0.6 ,      0.2078284210252 ,   0.0390899851458056
 433-02  , C81          , C3           ,             0.26 ,             0.02 ,          0.52 ,0,             0.78 ,             0.02 ,   0.0252756831725519 , 0.000648094440321844
 433-01  , C81          , C3           ,             0.08 ,              2.1 ,0,0,             0.08 ,              2.1 ,  0.00165691503132605 ,   0.0434940195723088
 432-06  , C81          , C3           ,            11.91 ,             5.83 ,0,0,            11.91 ,             5.83 ,     1.08515407183337 ,    0.531187929369317
 432-05  , C81          , C3           ,             7.65 ,1,          3.95 ,           0.13 ,             11.6 ,             1.13 ,     2.15217350971261 ,    0.209651384997866
 432-04  , C81          , C3           ,             8.04 ,             0.16 ,0,0,             8.04 ,             0.16 ,      1.9541598813893 ,   0.0388887538584935
 432-03  , C81          , C3           ,            42.13 ,             0.15 ,          0.13 ,0,            42.26 ,             0.15 ,     7.71872146118721 ,   0.0273972602739726
 432-02  , C81          , C3           ,            19.77 ,0,0,0,            19.77 ,0,     10.1907216494845 ,0
 432-01  , C81          , C3           ,            18.72 ,0,0,0,            18.72 ,0,      5.7188244638602 ,0
 431-03  , C81          , C3           ,            147.5 ,             2.65 ,          5.13 ,           0.16 ,           152.63 ,             2.81 ,     3.94072008571834 ,   0.0725507661722371
 431-02  , C81          , C3           ,            47.56 ,              0.7 ,          2.14 ,           0.09 ,             49.7 ,             0.79 ,     1.80582806482087 ,   0.0287043092798488
 431-01  , C81          , C3           ,            18.37 ,0,          4.19 ,           0.02 ,            22.56 ,             0.02 ,     2.57311008713901 ,  0.00228112596377572
 423-02  , C81          , C3           ,              0.9 ,             0.59 ,          0.02 ,0,             0.92 ,             0.59 ,    0.055753183082545 ,     0.03575475871598
 423-01  , C81          , C3           ,            21.42 ,             2.86 ,          0.71 ,0,            22.13 ,             2.86 ,    0.829942432822666 ,    0.107258714770575
 422-02  , C81          , C3           ,             2.13 ,             9.29 ,0,0,             2.13 ,             9.29 ,    0.295693700197129 ,     1.28966876752645
 422-01  , C81          , C3           ,              0.5 ,              0.3 ,0,0,              0.5 ,              0.3 ,   0.0196742727405081 ,   0.0118045636443049
 421-05  , C81          , C3           ,             6.16 ,              1.2 ,0,            1.2 ,             6.16 ,              2.4 ,    0.259246166018551 ,    0.101004999747488
 421-04  , C81          , C3           ,            11.05 ,              0.3 ,          0.17 ,           0.22 ,            11.22 ,             0.52 ,    0.826939659937648 ,   0.0383251892306218
 421-03  , C81          , C3           ,             4.91 ,             0.74 ,0,0,             4.91 ,             0.74 ,    0.119910811754679 ,   0.0180720979019271
 421-02  , C81          , C3           ,              9.9 ,            62.11 ,          2.45 ,           3.99 ,            12.35 ,             66.1 ,    0.341045283081392 ,     1.82535167705911
 421-01  , C81          , C3           ,            52.33 ,            11.97 ,         13.31 ,           10.3 ,            65.64 ,            22.27 ,     1.14213727919375 ,    0.387498433998246
 413-02  , C81          , C3           ,             4.78 ,              0.5 ,          0.53 ,0,             5.31 ,              0.5 ,    0.296077392734673 ,   0.0278792271878224
 413-01  , C81          , C3           ,1,             0.15 ,0,           0.25 ,1,              0.4 ,    0.198941630525604 ,   0.0795766522102415
 412-01  , C81          , C3           ,             72.2 ,              0.5 ,          2.66 ,            0.5 ,            74.86 ,1,     2.62205736582359 ,   0.0350261470187495
 411-04  , C81          , C3           ,0,0,0,0,0,0,0,0
 411-03  , C81          , C3           ,0,             0.35 ,0,0,0,             0.35 ,0,   0.0308481477890692
 411-02  , C81          , C3           ,             3.04 ,             3.56 ,           0.3 ,           2.04 ,             3.34 ,              5.6 ,      0.2354599929503 ,    0.394783221713077
 411-01  , C81          , C3           ,            15.54 ,             0.01 ,0,           0.02 ,            15.54 ,             0.03 ,    0.772992036291827 ,  0.00149226261832399
 372-08  , C81          , C3           ,             4.55 ,             2.65 ,0,0,             4.55 ,             2.65 ,    0.118861645045167 ,   0.0692271119493832
 372-07  , C81          , C3           ,0,             0.05 ,0,0,0,             0.05 ,0,  0.00996075462677053
 372-06  , C81          , C3           ,            16.13 ,             0.61 ,          0.23 ,           0.05 ,            16.36 ,             0.66 ,     3.15185142372751 ,    0.127152930297076
 372-05  , C81          , C3           ,            14.68 ,             0.25 ,          0.81 ,0,            15.49 ,             0.25 ,      4.5394601881429 ,   0.0732643671423967
 372-04  , C81          , C3           ,             0.98 ,             0.31 ,0,           0.25 ,             0.98 ,             0.56 ,    0.233996322914926 ,    0.133712184522815
 372-03  , C81          , C3           ,            23.59 ,             2.59 ,          1.13 ,           4.76 ,            24.72 ,             7.35 ,     2.43616402716047 ,    0.724344886716402
 372-02  , C81          , C3           ,28,             0.72 ,          4.48 ,0,            32.48 ,             0.72 ,     4.01647149022469 ,   0.0890350822956212
 372-01  , C81          , C3           ,           116.99 ,             4.33 ,          0.25 ,           1.88 ,           117.24 ,             6.21 ,     3.52651352221216 ,    0.186793321161187
 371-08  , C81          , C3           ,              4.2 ,             2.07 ,0,           1.09 ,              4.2 ,             3.16 ,   0.0672234475385014 ,   0.0505776414813487
 371-07  , C81          , C3           ,            45.37 ,             2.81 ,          0.13 ,           0.25 ,             45.5 ,             3.06 ,     2.55636647620332 ,    0.171922668509498
 371-06  , C81          , C3           ,            53.29 ,             1.88 ,         12.24 ,           0.28 ,            65.53 ,             2.16 ,     4.92825341435533 ,     0.16244509957283
 371-05  , C81          , C3           ,             50.6 ,             0.03 ,0,0,             50.6 ,             0.03 ,     4.66320766019409 ,    0.002764747624621
 371-04  , C81          , C3           ,            59.76 ,             3.69 ,           0.5 ,           0.06 ,            60.26 ,             3.75 ,     4.40683915695251 ,    0.274239077971655
 371-03  , C81          , C3           ,            16.62 ,             0.63 ,0,0,            16.62 ,             0.63 ,     1.57084392692079 ,   0.0595446253886941
 371-02  , C81          , C3           ,            20.74 ,             5.48 ,          0.56 ,0,             21.3 ,             5.48 ,     1.88824765298795 ,    0.485802682552769
 371-01  , C81          , C3           ,            29.31 ,             0.37 ,          3.83 ,            0.1 ,            33.14 ,             0.47 ,      2.0471575149954 ,   0.0290333141837006
 362-02  , C81          , C3           ,            136.3 ,0,         29.08 ,0,           165.38 ,0,     9.00639891082369 ,0
 362-01  , C81          , C3           ,            10.79 ,             0.11 ,         27.68 ,           0.06 ,            38.47 ,             0.17 ,       6.092809629395 ,   0.0269242952169781
 361-06  , C81          , C3           ,            41.93 ,             0.98 ,0,0,            41.93 ,             0.98 ,     6.26569037656904 ,    0.146443514644351
 361-05  , C81          , C3           ,             77.1 ,             0.33 ,           7.8 ,0,             84.9 ,             0.33 ,     7.48908393243065 ,   0.0291095135182817
 361-04  , C81          , C3           ,            29.75 ,             1.27 ,         13.54 ,           1.09 ,            43.29 ,             2.36 ,     2.52993670775111 ,    0.137922167481927
 361-03  , C81          , C3           ,           166.69 ,             1.06 ,0,0,           166.69 ,             1.06 ,     11.6791850004204 ,    0.074269218912026
 361-02  , C81          , C3           ,            30.59 ,             0.66 ,           0.5 ,0,            31.09 ,             0.66 ,     5.29209505004426 ,    0.112344250017022
 361-01  , C81          , C3           ,            61.41 ,             0.07 ,          1.22 ,0,            62.63 ,             0.07 ,      4.0990365987748 ,  0.00458139169590031
 352-06  , C81          , C3           ,            30.78 ,             2.05 ,0,0,            30.78 ,             2.05 ,     2.08168482561324 ,    0.138643726202312
 352-05  , C81          , C3           ,             8.73 ,             1.17 ,          0.13 ,           0.17 ,             8.86 ,             1.34 ,     1.40169912512459 ,    0.211995127276179
 352-04  , C81          , C3           ,             0.94 ,0,0,0,             0.94 ,0,     1.23945147679325 ,0
 352-03  , C81          , C3           ,            30.92 ,             0.91 ,          2.75 ,0,            33.67 ,             0.91 ,     2.83924174452727 ,   0.0767362633656019
 352-02  , C81          , C3           ,            36.48 ,0,          3.11 ,0,            39.59 ,0,     3.59837123484394 ,0
 352-01  , C81          , C3           ,            11.48 ,0,          2.92 ,0,             14.4 ,0,     5.13845275478162 ,0
 351-07  , C81          , C3           ,            64.81 ,             1.52 ,           2.9 ,            0.5 ,            67.71 ,             2.02 ,     1.37459904990052 ,   0.0410085671363027
 351-06  , C81          , C3           ,            22.73 ,             0.49 ,0,0,            22.73 ,             0.49 ,     1.41501799120983 ,   0.0305041273951965
 351-05  , C81          , C3           ,              7.1 ,             0.23 ,0,0,              7.1 ,             0.23 ,     1.06114274611786 ,   0.0343750467052265
 351-04  , C81          , C3           ,             4.73 ,             0.96 ,0,0,             4.73 ,             0.96 ,    0.479969152088322 ,    0.097414457929131
 351-03  , C81          , C3           ,            31.56 ,             0.14 ,          0.96 ,0,            32.52 ,             0.14 ,      1.3870938847586 ,  0.00597149888887467
 351-02  , C81          , C3           ,            21.94 ,             0.01 ,          3.61 ,           0.09 ,            25.55 ,              0.1 ,     1.00986944818836 ,  0.00395252230210709
 351-01  , C81          , C3           ,             7.78 ,0,          0.55 ,0,             8.33 ,0,     0.54797223958162 ,0
 345-01  , C81          , C3           ,            96.58 ,            218.7 ,0,            0.5 ,            96.58 ,            219.2 ,     3.52573112010776 ,      8.0020735300023
 344-02  , C81          , C3           ,          1376.44 ,           143.81 ,          1.25 ,           0.67 ,          1377.69 ,           144.48 ,     34.8899756120415 ,     3.65895352105899
 344-01  , C81          , C3           ,          1415.18 ,            94.52 ,0,2,          1415.18 ,            96.52 ,     34.5274488802574 ,     2.35488726940916
 343-03  , C81          , C3           ,             5.19 ,            62.03 ,0,           0.38 ,             5.19 ,            62.41 ,    0.347224545229509 ,     4.17539188203732
 343-02  , C81          , C3           ,              0.4 ,            37.26 ,0,0,              0.4 ,            37.26 ,   0.0341506727682535 ,     3.18113516836282
 343-01  , C81          , C3           ,            13.92 ,             94.3 ,          0.27 ,           2.84 ,            14.19 ,            97.14 ,    0.897011226863558 ,     6.14063922322241
 342-05  , C81          , C3           ,             0.15 ,             0.13 ,0,           1.95 ,             0.15 ,             2.08 ,   0.0125057317937388 ,    0.173412814206511
 342-04  , C81          , C3           ,            10.99 ,0,          0.15 ,           0.06 ,            11.14 ,             0.06 ,    0.810753768112778 ,  0.00436671688391083
 342-03  , C81          , C3           ,0,             0.71 ,0,           0.75 ,0,             1.46 ,0,    0.115598698326986
 342-02  , C81          , C3           ,             0.01 ,             0.03 ,0,0,             0.01 ,             0.03 ,  0.00103632312555055 ,  0.00310896937665164
 342-01  , C81          , C3           ,            17.62 ,             0.55 ,           4.2 ,           0.21 ,            21.82 ,             0.76 ,     2.25222435540142 ,   0.0784459445511034
 341-04  , C81          , C3           ,           390.86 ,           227.18 ,          4.58 ,           1.87 ,           395.44 ,           229.05 ,     9.90804540101726 ,     5.73901931798251
 341-03  , C81          , C3           ,            39.65 ,           120.03 ,           0.5 ,           1.13 ,            40.15 ,           121.16 ,     5.08536832505826 ,     15.3460330327288
 341-02  , C81          , C3           ,             0.12 ,            15.41 ,0,           0.24 ,             0.12 ,            15.65 ,   0.0177870006670125 ,     2.31972133698955
 341-01  , C81          , C3           ,             0.75 ,             0.25 ,0,0,             0.75 ,             0.25 ,    0.122838050314465 ,   0.0409460167714885
 332-03  , C81          , C3           ,             4.36 ,              4.7 ,0,           0.25 ,             4.36 ,             4.95 ,    0.330964960223477 ,    0.375751503006012
 332-02  , C81          , C3           ,3,            12.41 ,0,           7.71 ,3,            20.12 ,    0.137000063933363 ,    0.918813762113089
 332-01  , C81          , C3           ,            40.74 ,            79.72 ,0,           7.44 ,            40.74 ,            87.16 ,     2.41262095675759 ,       5.161611256529
 331-06  , C81          , C3           ,30,             2.82 ,          1.57 ,0,            31.57 ,             2.82 ,     2.01490917910162 ,    0.179982384702774
 331-05  , C81          , C3           ,            13.96 ,             1.78 ,0,           0.77 ,            13.96 ,             2.55 ,    0.620405841414312 ,    0.113326281920236
 331-04  , C81          , C3           ,             5.88 ,              0.2 ,0,0,             5.88 ,              0.2 ,    0.685690296549392 ,   0.0233227992023603
 331-03  , C81          , C3           ,             1.48 ,0,0,0,             1.48 ,0,    0.148887368717557 ,0
 331-02  , C81          , C3           ,            12.15 ,             0.66 ,0,0,            12.15 ,             0.66 ,     1.86309688103781 ,    0.101205262673659
 331-01  , C81          , C3           ,            11.59 ,0,          0.28 ,0,            11.87 ,0,     2.12670656107787 ,0
 323-03  , C81          , C3           ,           590.46 ,0,          3.63 ,           0.13 ,           594.09 ,             0.13 ,     53.9885496183206 ,   0.0118138858596874
 323-02  , C81          , C3           ,            25.44 ,0,0,0,            25.44 ,0,     2.93199027279957 ,0
 323-01  , C81          , C3           ,           381.28 ,             0.13 ,         11.17 ,0,           392.45 ,             0.13 ,     30.0617397432362 ,   0.0099580231026136
 322-04  , C81          , C3           ,           167.24 ,0,0,0,           167.24 ,0,     44.2316847394869 ,0
 322-03  , C81          , C3           ,            16.45 ,             0.98 ,          2.54 ,           0.02 ,            18.99 ,1,     1.68878059191804 ,   0.0889299943084804
 322-02  , C81          , C3           ,           300.43 ,0,          5.63 ,0,           306.06 ,0,     27.3341073501831 ,0
 322-01  , C81          , C3           ,            35.39 ,             0.24 ,         12.54 ,0,            47.93 ,             0.24 ,     2.31825876662636 ,   0.0116082224909311
 321-06  , C81          , C3           ,            33.02 ,4,         11.22 ,            0.8 ,            44.24 ,              4.8 ,     1.76443373801509 ,     0.19143946524576
 321-05  , C81          , C3           ,             9.23 ,0,0,0,             9.23 ,0,     1.82162663561547 ,0
 321-04  , C81          , C3           ,            37.33 ,             1.15 ,0,            0.5 ,            37.33 ,             1.65 ,     1.00840653937999 ,   0.0445719472268145
 321-03  , C81          , C3           ,            34.56 ,0,          0.61 ,            0.4 ,            35.17 ,              0.4 ,     2.01508015630192 ,    0.022918170671617
 321-02  , C81          , C3           ,            92.51 ,             1.28 ,          9.93 ,           0.03 ,           102.44 ,             1.31 ,     3.85377910366907 ,   0.0492820248516837
 321-01  , C81          , C3           ,            69.25 ,             0.13 ,         13.82 ,           0.01 ,            83.07 ,             0.14 ,     6.76306084068095 ,    0.011397959765202
 313-03  , C81          , C3           ,           33.515 ,             0.89 ,         1.945 ,           0.71 ,            35.46 ,              1.6 ,     1.27856811908784 ,   0.0576906088702917
 313-02  , C81          , C3           ,            14.62 ,             0.38 ,          0.25 ,0,            14.87 ,             0.38 ,     1.21529622334644 ,   0.0310566620626528
 313-01  , C81          , C3           ,           62.005 ,             0.12 ,         0.625 ,            0.1 ,            62.63 ,             0.22 ,     3.80261380367633 ,   0.0133574171612453
 312-02  , C81          , C3           ,           522.12 ,             2.55 ,         21.27 ,          1.625 ,           543.39 ,            4.175 ,     20.3643082135181 ,     0.15646402545398
 312-01  , C81          , C3           ,           111.27 ,             0.59 ,          4.05 ,          1.125 ,           115.32 ,            1.715 ,     12.2604549296448 ,     0.18233333510528
 311-03  , C81          , C3           ,          20.8479 ,           0.5033 ,          1.77 ,0,          22.6179 ,           0.5033 ,       8.352033606209 ,    0.185851848049774
 311-02  , C81          , C3           ,           0.9179 ,           0.5633 ,0,           0.14 ,           0.9179 ,           0.7033 ,     0.16532867336663 ,    0.126675733716909
 311-01  , C81          , C3           ,           4.0379 ,           1.2433 ,          5.18 ,           0.51 ,           9.2179 ,           1.7533 ,     1.20051766862618 ,    0.228345678343471
 234-02  , C81          , C3           ,             3.37 ,            65.92 ,0,           7.38 ,             3.37 ,             73.3 ,   0.0826249733368966 ,     1.79715446456811
 234-01  , C81          , C3           ,             5.91 ,             36.3 ,          3.23 ,           5.57 ,             9.14 ,            41.87 ,      1.3848275026136 ,     6.34384327510189
 233-02  , C81          , C3           ,             2.59 ,            50.32 ,0,           19.1 ,             2.59 ,            69.42 ,   0.0735996180776575 ,     1.97269709920888
 233-01  , C81          , C3           ,             0.96 ,            21.42 ,0,           13.5 ,             0.96 ,            34.92 ,     0.02310291385501 ,    0.840368491475987
 232-01  , C81          , C3           ,             4.54 ,100,0,          35.62 ,             4.54 ,           135.62 ,    0.105248516320475 ,     3.14400964391692
 231-07  , C81          , C3           ,            17.66 ,            72.54 ,          0.28 ,          18.22 ,            17.94 ,            90.76 ,    0.533868193478119 ,     2.70088501895619
 231-06  , C81          , C3           ,             6.23 ,            55.47 ,0,           2.59 ,             6.23 ,            58.06 ,    0.265121049249533 ,     2.47077497904139
 231-05  , C81          , C3           ,             3.89 ,            87.84 ,0,0,             3.89 ,            87.84 ,    0.164394445242704 ,     3.71218716455504
 231-04  , C81          , C3           ,             1.89 ,            37.27 ,0,           0.74 ,             1.89 ,            38.01 ,   0.0976648287765026 ,     1.96414822317189
 231-03  , C81          , C3           ,             1.77 ,             21.2 ,          0.19 ,          14.13 ,             1.96 ,            35.33 ,   0.0969543473636827 ,     1.74765157773414
 231-02  , C81          , C3           ,             4.12 ,             20.5 ,           0.4 ,          12.36 ,             4.52 ,            32.86 ,    0.188379643328985 ,     1.36950333623682
 231-01  , C81          , C3           ,0,            86.37 ,0,           3.39 ,0,            89.76 ,0,      2.0679073496413
 222-06  , C81          , C3           ,             0.16 ,           145.51 ,0,         213.03 ,             0.16 ,           358.54 ,     0.01009482829328 ,     22.6212483517038
 222-05  , C81          , C3           ,             0.11 ,            15.58 ,0,         176.44 ,             0.11 ,           192.02 ,   0.0221537470042092 ,     38.6723863613478
 222-04  , C81          , C3           ,             0.06 ,            19.66 ,0,         233.89 ,             0.06 ,           253.55 ,  0.00724200362100181 ,     30.6035003017502
 222-03  , C81          , C3           ,0,            15.78 ,0,           4.16 ,0,            19.94 ,0,     9.09588541191497
 222-02  , C81          , C3           ,             0.54 ,            19.55 ,0,          386.5 ,             0.54 ,           406.05 ,   0.0480923372875922 ,     36.1627658437534
 222-01  , C81          , C3           ,             0.31 ,            51.56 ,0,         587.41 ,             0.31 ,           638.97 ,   0.0176936599621013 ,     36.4700577612384
 221-09  , C81          , C3           ,             0.16 ,            99.14 ,0,           0.24 ,             0.16 ,            99.38 ,   0.0133451215240129 ,      8.2889886066025
 221-08  , C81          , C3           ,             0.07 ,           133.26 ,0,0,             0.07 ,           133.26 ,  0.00465323433023339 ,     8.85842866924146
 221-07  , C81          , C3           ,0,            83.51 ,0,          18.21 ,0,           101.72 ,0,     8.24231031018053
 221-06  , C81          , C3           ,0,             6.02 ,0,0,0,             6.02 ,0,     3.25863375554834
 221-05  , C81          , C3           ,             1.17 ,           191.29 ,0,           3.98 ,             1.17 ,           195.27 ,   0.0614708880179054 ,     10.2593335925268
 221-04  , C81          , C3           ,             0.23 ,            22.89 ,0,           0.05 ,             0.23 ,            22.94 ,    0.032782679342636 ,     3.26971593095683
 221-03  , C81          , C3           ,             0.12 ,             58.3 ,0,          25.34 ,             0.12 ,            83.64 ,   0.0115212903845231 ,     8.03033939801258
 221-02  , C81          , C3           ,             0.05 ,            49.92 ,0,           4.91 ,             0.05 ,            54.83 ,  0.00803225754630597 ,     8.80817362527912
 221-01  , C81          , C3           ,             1.35 ,           129.09 ,0,           6.53 ,             1.35 ,           135.62 ,     0.12852613840837 ,     12.9116406599579
 214-03  , C81          , C3           ,             0.15 ,            47.46 ,0,          13.14 ,             0.15 ,             60.6 ,   0.0177590452737261 ,     7.17465429058534
 214-02  , C81          , C3           ,             0.77 ,            12.57 ,0,          24.49 ,             0.77 ,            37.06 ,   0.0830466247478942 ,     3.99702326384021
 214-01  , C81          , C3           ,             0.97 ,            31.39 ,0,          98.25 ,             0.97 ,           129.64 ,   0.0750785615876407 ,     10.0342110558987
 213-04  , C81          , C3           ,             0.93 ,             0.25 ,0,           0.51 ,             0.93 ,             0.76 ,    0.135764441395016 ,    0.110947285441088
 213-03  , C81          , C3           ,             0.47 ,             2.87 ,0,           1.26 ,             0.47 ,             4.13 ,   0.0873800847772737 ,    0.767829255596044
 213-02  , C81          , C3           ,             3.67 ,            15.36 ,0,           2.29 ,             3.67 ,            17.65 ,    0.456257692355508 ,     2.19426383380782
 213-01  , C81          , C3           ,             1.25 ,             4.44 ,0,           0.48 ,             1.25 ,             4.92 ,    0.257737272933463 ,     1.01445390626611
 212-05  , C81          , C3           ,             1.31 ,            10.64 ,0,           0.09 ,             1.31 ,            10.73 ,    0.325263811297331 ,     2.66418373680944
 212-04  , C81          , C3           ,             1.37 ,            17.51 ,          0.15 ,          33.81 ,             1.52 ,            51.32 ,   0.0430978263951504 ,     1.45511871749942
 212-03  , C81          , C3           ,             2.79 ,             9.99 ,0,           1.83 ,             2.79 ,            11.82 ,    0.212855235552165 ,    0.901773793629602
 212-02  , C81          , C3           ,             1.88 ,            28.93 ,0,           1.78 ,             1.88 ,            30.71 ,    0.230375217508517 ,     3.76320368600348
 212-01  , C81          , C3           ,             1.96 ,            23.14 ,0,           1.53 ,             1.96 ,            24.67 ,    0.204283704205534 ,     2.57126478711762
 211-11  , C81          , C3           ,             0.16 ,            86.88 ,          0.01 ,          67.33 ,             0.17 ,           154.21 ,  0.00553217938579792 ,     5.01833754755234
 211-10  , C81          , C3           ,1,            41.37 ,0,           0.98 ,1,            42.35 ,    0.136377274091045 ,     5.77557755775578
 211-09  , C81          , C3           ,             0.31 ,            68.59 ,          0.03 ,           0.78 ,             0.34 ,            69.37 ,   0.0196149696833336 ,      4.0020307262731
 211-08  , C81          , C3           ,0,            18.21 ,0,           1.57 ,0,            19.78 ,0,     2.34961512876556
 211-07  , C81          , C3           ,             3.42 ,              0.9 ,0,0,             3.42 ,              0.9 ,    0.148446520187859 ,    0.039064873733647
 211-06  , C81          , C3           ,            0.405 ,           194.05 ,0,          68.75 ,            0.405 ,            262.8 ,   0.0253560807638128 ,     16.4532790734074
 211-05  , C81          , C3           ,             4.02 ,             12.1 ,0,0,             4.02 ,             12.1 ,     0.75225958569584 ,     2.26426392709444
 211-04  , C81          , C3           ,             1.21 ,            25.02 ,0,           20.2 ,             1.21 ,            45.22 ,    0.157893363259128 ,     5.90077511287418
 211-03  , C81          , C3           ,             2.82 ,           195.26 ,0,           3.54 ,             2.82 ,            198.8 ,    0.112020338444427 ,     7.89703662508937
 211-02  , C81          , C3           ,             0.83 ,            21.85 ,0,           0.88 ,             0.83 ,            22.73 ,    0.130069579389456 ,     3.56202595123174
 211-01  , C81          , C3           ,           15.205 ,            34.14 ,          0.12 ,          16.69 ,           15.325 ,            50.83 ,    0.595127141681035 ,     1.97391925687746
 152-05  , C81          , C3           ,0,             0.64 ,0,          13.91 ,0,            14.55 ,0,     5.17867312072893
 152-04  , C81          , C3           ,             2.28 ,            18.67 ,          0.74 ,           2.27 ,             3.02 ,            20.94 ,    0.732085717056143 ,     5.07611752157471
 152-03  , C81          , C3           ,0,              4.9 ,0,          13.05 ,0,            17.95 ,0,     4.41227078314734
 152-02  , C81          , C3           ,0,             7.16 ,0,           4.54 ,0,             11.7 ,0,     3.50603817686015
 152-01  , C81          , C3           ,             0.01 ,              2.3 ,0,           9.06 ,             0.01 ,            11.36 ,  0.00350054258410054 ,     3.97661637553821
 151-06  , C81          , C3           ,             0.09 ,            25.91 ,0,           0.49 ,             0.09 ,             26.4 ,  0.00750093761720215 ,      2.2002750343793
 151-05  , C81          , C3           ,0,             3.65 ,0,0,0,             3.65 ,0,     3.69582827055488
 151-04  , C81          , C3           ,             0.35 ,           108.76 ,0,0,             0.35 ,           108.76 ,  0.00824479988692845 ,     2.56201267343525
 151-03  , C81          , C3           ,             0.52 ,             44.2 ,0,           4.16 ,             0.52 ,            48.36 ,   0.0415856945210848 ,     3.86746959046088
 151-02  , C81          , C3           ,0,            21.96 ,0,           0.75 ,0,            22.71 ,0,     2.35357518537902
 151-01  , C81          , C3           ,              0.2 ,           212.14 ,0,0,              0.2 ,           212.14 ,   0.0116438495731074 ,      12.350631242195
 142-04  , C81          , C3           ,            71.86 ,           115.42 ,0,         552.38 ,            71.86 ,            667.8 ,     1.49717690689001 ,     13.9133695855991
 142-03  , C81          , C3           ,            62.47 ,            44.84 ,           5.8 ,         153.02 ,            68.27 ,           197.86 ,     5.53595900130554 ,      16.044307133416
 142-02  , C81          , C3           ,            55.39 ,            49.12 ,         11.12 ,           47.1 ,            66.51 ,            96.22 ,     2.41161753508104 ,      3.4888864715907
 142-01  , C81          , C3           ,            72.59 ,            41.37 ,          4.38 ,         105.94 ,            76.97 ,           147.31 ,     3.36887348232184 ,      6.4475607727794
 141-06  , C81          , C3           ,            67.49 ,           795.29 ,         13.25 ,          51.28 ,            80.74 ,           846.57 ,     1.20108951940056 ,     12.5935887346907
 141-05  , C81          , C3           ,             0.75 ,           152.02 ,0,           63.9 ,             0.75 ,           215.92 ,   0.0189246747479233 ,     5.44828769542881
 141-04  , C81          , C3           ,            63.31 ,             76.2 ,0,         304.17 ,            63.31 ,           380.37 ,     1.87157080692461 ,     11.2445014662757
 141-03  , C81          , C3           ,            63.51 ,            12.74 ,          1.18 ,            0.5 ,            64.69 ,            13.24 ,     1.96669777792641 ,     0.40252092409562
 141-02  , C81          , C3           ,             6.85 ,           126.92 ,0,           0.21 ,             6.85 ,           127.13 ,    0.603609319375419 ,     11.2024602587149
 141-01  , C81          , C3           ,            52.23 ,             2.89 ,          0.13 ,           0.25 ,            52.36 ,             3.14 ,     3.40803322116417 ,    0.204377851689372
 135-01  , C81          , C3           ,            64.78 ,           300.08 ,          2.44 ,         181.78 ,            67.22 ,           481.86 ,    0.436787061434146 ,     3.13106535886131
 134-05  , C81          , C3           ,           168.86 ,           107.59 ,        177.22 ,         178.15 ,           346.08 ,           285.74 ,     6.57600465154282 ,     5.42946015121314
 134-04  , C81          , C3           ,            69.88 ,           100.89 ,0,           1.18 ,            69.88 ,           102.07 ,     2.14592801867092 ,     3.13444294312738
 134-03  , C81          , C3           ,            53.08 ,            61.74 ,          2.79 ,           3.39 ,            55.87 ,            65.13 ,     2.02488429491477 ,     2.36049246693752
 134-02  , C81          , C3           ,             5.32 ,             0.03 ,0,0,             5.32 ,             0.03 ,     3.63387978142077 ,   0.0204918032786885
 134-01  , C81          , C3           ,              0.5 ,           1056.9 ,0,          16.27 ,              0.5 ,          1073.17 ,     0.02269457191229 ,     48.7102674782246
 133-05  , C81          , C3           ,             7.32 ,           260.93 ,          1.69 ,         552.08 ,             9.01 ,           813.01 ,    0.267857408293769 ,     24.1698947299575
 133-04  , C81          , C3           ,             0.04 ,            43.06 ,0,          47.43 ,             0.04 ,            90.49 ,  0.00350437608964194 ,     7.92777480879248
 133-03  , C81          , C3           ,            14.67 ,           341.36 ,          9.65 ,          79.72 ,            24.32 ,           421.08 ,     0.44338217465101 ,     7.67678314564338
 133-02  , C81          , C3           ,            129.2 ,            67.29 ,         16.23 ,          94.02 ,           145.43 ,           161.31 ,     10.2847888658656 ,     11.4078202018345
 133-01  , C81          , C3           ,            74.96 ,            74.25 ,         57.66 ,         427.17 ,           132.62 ,           501.42 ,     7.19294915254237 ,     27.1956610169492
 132-04  , C81          , C3           ,0,           221.91 ,0,           0.76 ,0,           222.67 ,0,     8.54697245945687
 132-03  , C81          , C3           ,0,           201.61 ,0,          17.05 ,0,           218.66 ,0,     11.1130875843036
 132-02  , C81          , C3           ,             33.6 ,           306.68 ,          7.98 ,         217.33 ,            41.58 ,           524.01 ,     1.84367351282324 ,     23.2348089815899
 132-01  , C81          , C3           ,            12.63 ,           216.61 ,           4.1 ,         212.15 ,            16.73 ,           428.76 ,    0.575822345211175 ,     14.7572975931108
 131-10  , C81          , C3           ,2,             45.8 ,          0.63 ,           1.76 ,             2.63 ,            47.56 ,    0.422130555510971 ,     7.63366130041892
 131-09  , C81          , C3           ,             1.65 ,           148.18 ,          0.38 ,          92.71 ,             2.03 ,           240.89 ,    0.134031441267158 ,     15.9048442792344
 131-08  , C81          , C3           ,             0.04 ,            63.58 ,0,           1.16 ,             0.04 ,            64.74 ,  0.00483933410762679 ,     7.83246225319396
 131-07  , C81          , C3           ,             0.24 ,           214.73 ,0,         231.01 ,             0.24 ,           445.74 ,  0.00900086633338459 ,     16.7168589976785
 131-06  , C81          , C3           ,              3.4 ,             76.7 ,           0.4 ,         295.54 ,              3.8 ,           372.24 ,    0.127050358750092 ,     12.4455856687195
 131-05  , C81          , C3           ,             1.37 ,             98.6 ,0,          92.14 ,             1.37 ,           190.74 ,    0.187030716723549 ,      26.039590443686
 131-04  , C81          , C3           ,            16.11 ,            95.04 ,          6.24 ,          58.16 ,            22.35 ,            153.2 ,     5.40782501391275 ,     37.0684023325026
 131-03  , C81          , C3           ,            46.03 ,           34.855 ,         1.475 ,         54.435 ,           47.505 ,            89.29 ,     5.70640912448873 ,     10.7257187817198
 131-02  , C81          , C3           ,            10.36 ,            2.885 ,         0.865 ,          1.255 ,           11.225 ,             4.14 ,     2.76767552240646 ,     1.02077297663811
 131-01  , C81          , C3           ,            23.48 ,             1.43 ,          4.31 ,           0.01 ,            27.79 ,             1.44 ,     5.26814657542037 ,    0.272980607002711
 123-07  , C81          , C3           ,             1.83 ,             9.77 ,          0.39 ,           6.24 ,             2.22 ,            16.01 ,    0.301327469663653 ,     2.17308684203382
 123-06  , C81          , C3           ,0,             9.48 ,0,           0.19 ,0,             9.67 ,0,     1.87675885492479
 123-05  , C81          , C3           ,0,             3.29 ,0,         118.39 ,0,           121.68 ,0,     13.2758714745513
 123-04  , C81          , C3           ,              0.1 ,            24.23 ,0,         139.12 ,              0.1 ,           163.35 ,  0.00852187992671184 ,     13.9204908602838
 123-03  , C81          , C3           ,             0.74 ,            16.06 ,0,           0.92 ,             0.74 ,            16.98 ,    0.126610433384092 ,     2.90519616062416
 123-02  , C81          , C3           ,             0.13 ,            25.08 ,          0.01 ,          82.36 ,             0.14 ,           107.44 ,  0.00650466942340751 ,     4.99186916322074
 123-01  , C81          , C3           ,             2.77 ,            46.08 ,          0.58 ,           1.79 ,             3.35 ,            47.87 ,    0.228647091745499 ,     3.26726456174837
 122-12  , C81          , C3           ,            13.14 ,           13.755 ,0,          416.8 ,            13.14 ,          430.555 ,    0.567720304858027 ,      18.602345194684
 122-11  , C81          , C3           ,            40.21 ,          106.525 ,          0.12 ,          12.75 ,            40.33 ,          119.275 ,     2.33102523495209 ,     6.89395077854971
 122-10  , C81          , C3           ,             0.13 ,             5.22 ,0,           9.32 ,             0.13 ,            14.54 ,  0.00902508278777864 ,     1.00942079795617
 122-09  , C81          , C3           ,0,              1.6 ,0,         142.73 ,0,           144.33 ,0,     5.17439796939028
 122-08  , C81          , C3           ,              0.7 ,            96.44 ,0,          70.45 ,              0.7 ,           166.89 ,   0.0297063316924122 ,     7.08241385163809
 122-07  , C81          , C3           ,             0.34 ,            33.22 ,0,0,             0.34 ,            33.22 ,   0.0679565078349856 ,     6.63975055964183
 122-06  , C81          , C3           ,0,             4.74 ,0,         616.23 ,0,           620.97 ,0,             18.48125
 122-05  , C81          , C3           ,             0.01 ,             2.44 ,0,          85.45 ,             0.01 ,            87.89 ,  0.00161914476773368 ,     14.2306633636113
 122-04  , C81          , C3           ,0,           103.96 ,0,          23.91 ,0,           127.87 ,0,     7.57178301367267
 122-03  , C81          , C3           ,              1.7 ,           110.45 ,0,           0.08 ,              1.7 ,           110.53 ,    0.169425647056479 ,     11.0156569230309
 122-02  , C81          , C3           ,             18.8 ,           556.96 ,0,           3.75 ,             18.8 ,           560.71 ,     1.24611417852574 ,     37.1653553745302
 122-01  , C81          , C3           ,            99.08 ,           112.58 ,           1.5 ,         169.32 ,           100.58 ,            281.9 ,     4.82469815656045 ,      13.522394216886
 121-13  , C81          , C3           ,0,             9.42 ,0,           1.36 ,0,            10.78 ,0,    0.442761385292765
 121-12  , C81          , C3           ,             0.08 ,            24.19 ,0,           0.05 ,             0.08 ,            24.24 ,    0.010425626189173 ,     3.15896473531942
 121-11  , C81          , C3           ,             9.35 ,             2.33 ,0,           0.44 ,             9.35 ,             2.77 ,     2.15755953479786 ,    0.639191434373269
 121-10  , C81          , C3           ,             0.97 ,             0.15 ,0,0,             0.97 ,             0.15 ,    0.390075200064342 ,   0.0603209072264447
 121-09  , C81          , C3           ,0,             0.53 ,0,0,0,             0.53 ,0,    0.198405270841912
 121-08  , C81          , C3           ,             0.62 ,             0.64 ,0,           0.01 ,             0.62 ,             0.65 ,    0.103395370555667 ,    0.108398372356747
 121-07  , C81          , C3           ,0,             6.17 ,0,           6.32 ,0,            12.49 ,0,     1.48563136359311
 121-06  , C81          , C3           ,             1.59 ,             0.89 ,0,           0.51 ,             1.59 ,              1.4 ,    0.330967298765638 ,    0.291417747340813
 121-05  , C81          , C3           ,             7.58 ,             2.82 ,          0.99 ,          59.49 ,             8.57 ,            62.31 ,     2.44976131263757 ,       17.81150844696
 121-04  , C81          , C3           ,              0.1 ,             4.74 ,0,           2.33 ,              0.1 ,             7.07 ,    0.016790355619732 ,     1.18707814231505
 121-03  , C81          , C3           ,           160.39 ,             3.15 ,          4.27 ,            0.8 ,           164.66 ,             3.95 ,     12.9138008109359 ,    0.309786913659642
 121-01  , C81          , C3           ,         653.0425 ,             2.02 ,          5.73 ,         0.7875 ,         658.7725 ,           2.8075 ,     50.0389283869596 ,    0.213251602710175
 118-04  , C81          , C3           ,             2.37 ,0,          0.33 ,0,              2.7 ,0,     4.49850049983339 ,0
 118-03  , C81          , C3           ,             0.65 ,             0.07 ,0,           0.04 ,             0.65 ,             0.11 ,    0.273672687465791 ,   0.0463138394172877
 117-02  , C81          , C3           ,            27.86 ,              0.3 ,          0.02 ,           0.03 ,            27.88 ,             0.33 ,     6.12491487071333 ,   0.0724971989718579
 117-01  , C81          , C3           ,            44.56 ,             0.09 ,          0.28 ,           0.05 ,            44.84 ,             0.14 ,     11.5329218106996 ,   0.0360082304526749
 116-03  , C81          , C3           ,              2.4 ,           6.0175 ,0,          20.42 ,              2.4 ,          26.4375 ,    0.406108549431025 ,     4.47353948982613
 116-02  , C81          , C3           ,0,           3.7825 ,0,         170.67 ,0,         174.4525 ,0,     22.3561034683822
 116-01  , C81          , C3           ,             0.08 ,            32.63 ,0,0,             0.08 ,            32.63 ,    0.029013890400029 ,     11.8340405469118
 115-05  , C81          , C3           ,             0.08 ,             54.9 ,          0.01 ,           5.36 ,             0.09 ,            60.26 ,  0.00417734209646875 ,     2.79696260814674
 115-04  , C81          , C3           ,0,            11.23 ,0,          11.89 ,0,            23.12 ,0,     2.46700171793805
 115-03  , C81          , C3           ,             1.82 ,             5.42 ,          8.06 ,          12.35 ,             9.88 ,            17.77 ,    0.372150487411671 ,    0.669343538593663
 115-02  , C81          , C3           ,             0.14 ,             9.85 ,0,           0.68 ,             0.14 ,            10.53 ,   0.0261189156918714 ,     1.96451558739576
 115-01  , C81          , C3           ,             9.24 ,              0.4 ,0,           0.13 ,             9.24 ,             0.53 ,    0.765356835199788 ,   0.0439003379497714
 114-05  , C81          , C3           ,            8.005 ,             1.82 ,          1.98 ,           4.19 ,            9.985 ,             6.01 ,     1.69979146273992 ,     1.02310933310635
 114-04  , C81          , C3           ,             0.01 ,           149.31 ,0,          63.15 ,             0.01 ,           212.46 , 0.000112277550103857 ,     2.38544882950654
 114-03  , C81          , C3           ,            0.515 ,            43.99 ,          0.06 ,           3.08 ,            0.575 ,            47.07 ,   0.0437613446529345 ,     3.58234172663239
 114-02  , C81          , C3           ,             1.29 ,            64.88 ,0,          75.22 ,             1.29 ,            140.1 ,   0.0808240291718356 ,     8.77786549377843
 114-01  , C81          , C3           ,0,             0.54 ,0,           0.23 ,0,             0.77 ,0,     0.10867570886201
 113-13  , C81          , C3           ,             0.13 ,            18.03 ,0,            0.6 ,             0.13 ,            18.63 ,   0.0326076050968195 ,     4.67292063810575
 113-12  , C81          , C3           ,             0.59 ,             0.76 ,0,0,             0.59 ,             0.76 ,   0.0484213809121275 ,   0.0623733042257914
 113-11  , C81          , C3           ,           2.9075 ,           20.985 ,0,        14.2325 ,           2.9075 ,          35.2175 ,    0.445838141203801 ,     5.40027677999823
 113-10  , C81          , C3           ,           0.6075 ,           14.995 ,0,         1.8525 ,           0.6075 ,          16.8475 ,    0.213816223635932 ,     5.92966062173886
 113-09  , C81          , C3           ,           0.1075 ,           52.375 ,0,         8.6725 ,           0.1075 ,          61.0475 ,   0.0325409978734836 ,     18.4795029551767
 113-08  , C81          , C3           ,           0.9675 ,           13.695 ,0,         0.5625 ,           0.9675 ,          14.2575 ,    0.160205327758574 ,     2.36085525634922
 113-07  , C81          , C3           ,             0.01 ,             1.53 ,0,0,             0.01 ,             1.53 , 0.000937989513277242 ,    0.143512395531418
 113-06  , C81          , C3           ,             1.41 ,             21.7 ,          0.27 ,0,             1.68 ,             21.7 ,    0.639293732638228 ,     8.25754404657711
 113-05  , C81          , C3           ,             1.83 ,            29.96 ,0,0,             1.83 ,            29.96 ,    0.286905807098959 ,     4.69710272168569
 113-04  , C81          , C3           ,             0.03 ,             5.64 ,0,           0.37 ,             0.03 ,             6.01 ,  0.00858295425285383 ,     1.71945183532172
 113-03  , C81          , C3           ,             0.03 ,             0.77 ,          0.25 ,          22.51 ,             0.28 ,            23.28 ,    0.207238546369625 ,     17.2304048553031
 113-02  , C81          , C3           ,0,            31.06 ,0,           3.55 ,0,            34.61 ,0,     10.5159212445309
 113-01  , C81          , C3           ,             1.72 ,             6.23 ,0,0,             1.72 ,             6.23 ,    0.933869041155392 ,     3.38256053860354
 112-01  , C81          , C3           ,0,0,0,0,0,0,0,0
 111-03  , C81          , C3           ,             0.07 ,             0.49 ,0,           1.78 ,             0.07 ,             2.27 ,   0.0429730473047305 ,     1.39355453402483
 111-02  , C81          , C3           ,             0.38 ,             1.26 ,          0.02 ,           1.94 ,              0.4 ,              3.2 ,    0.135794472350209 ,     1.08635577880167
 111-01  , C81          , C3           ,              0.1 ,             2.28 ,          0.05 ,           1.72 ,             0.15 ,4,   0.0178002921146605 ,    0.474674456390946
 1032-02 , C81          , C3           ,0,             0.25 ,0,0,0,             0.25 ,0,    0.099352223502762
 1032-01 , C81          , C3           ,0,              0.1 ,0,0,0,              0.1 ,0,   0.0960153624579933
 1031-05 , C81          , C3           ,  30.496666666546 ,             8.86 ,           0.9 ,           1.08 ,  31.396666666546 ,             9.94 ,     1.88556488873449 ,    0.596958753395038
 1031-04 , C81          , C3           ,  74.076666666546 ,            73.09 ,           0.6 ,            0.5 ,  74.676666666546 ,            73.59 ,     5.59914024719169 ,     5.51766367171588
 1031-03 , C81          , C3           ,             3.35 ,            25.45 ,           0.5 ,         146.51 ,             3.85 ,           171.96 ,    0.147375190439369 ,     6.58250331115687
 1031-02 , C81          , C3           ,0,            18.82 ,0,0,0,            18.82 ,0,      4.5667418893014
 1031-01 , C81          , C3           ,   4.936666666546 ,             1.47 ,          0.26 ,0,   5.196666666546 ,             1.47 ,    0.536969617636358 ,    0.151894548674235
 1025-03 , C81          , C3           ,             0.01 ,            93.86 ,0,           2.01 ,             0.01 ,            95.87 , 0.000926646651099003 ,     8.88376144408614
 1025-02 , C81          , C3           ,0,             1.18 ,0,           1.68 ,0,             2.86 ,0,    0.453169811918683
 1025-01 , C81          , C3           ,             0.66 ,             8.15 ,          0.13 ,           2.28 ,             0.79 ,            10.43 ,   0.0663798608543677 ,    0.876382213558297
 1024-03 , C81          , C3           ,           105.79 ,            48.88 ,          1.13 ,0,           106.92 ,            48.88 ,     15.4636044140405 ,     7.06940688139074
 1024-02 , C81          , C3           ,             98.4 ,            21.65 ,          1.49 ,         155.94 ,            99.89 ,           177.59 ,     7.06270813742196 ,     12.5564755043024
 1024-01 , C81          , C3           ,           194.43 ,            21.69 ,0,0,           194.43 ,            21.69 ,     25.8564285334326 ,     2.88446193946487
 1023-04 , C81          , C3           ,             6.49 ,            24.93 ,          0.05 ,         498.39 ,             6.54 ,           523.32 ,    0.317999037250621 ,     25.4457578247699
 1023-03 , C81          , C3           ,            5.415 ,            5.715 ,0,         636.89 ,            5.415 ,          642.605 ,    0.217614956155509 ,     25.8246461496419
 1023-02 , C81          , C3           ,            0.235 ,            6.615 ,0,         111.93 ,            0.235 ,          118.545 ,   0.0335412414541199 ,     16.9197722050155
 1023-01 , C81          , C3           ,             2.14 ,             2.74 ,          0.02 ,         393.88 ,             2.16 ,           396.62 ,     0.12969779213527 ,     23.8151566280976
 1022-03 , C81          , C3           ,            32.73 ,             76.7 ,          0.27 ,         294.26 ,33,           370.96 ,     1.67343647787261 ,     18.8114544191401
 1022-02 , C81          , C3           ,             8.25 ,             3.28 ,0,           1.32 ,             8.25 ,              4.6 ,    0.405997942943756 ,    0.226374610611064
 1022-01 , C81          , C3           ,             3.89 ,             22.5 ,          0.36 ,         103.77 ,             4.25 ,           126.27 ,    0.379888268156425 ,     11.2867039106145
 1021-03 , C81          , C3           ,             0.07 ,            83.87 ,0,           0.65 ,             0.07 ,            84.52 ,  0.00673290563351833 ,     8.12950263064242
 1021-02 , C81          , C3           ,            20.12 ,            43.03 ,          1.91 ,          98.35 ,            22.03 ,           141.38 ,     2.22361289150424 ,     14.2702855470209
 1021-01 , C81          , C3           ,             18.6 ,            33.31 ,           0.5 ,         200.08 ,             19.1 ,           233.39 ,     1.73410929428107 ,     21.1897260833643
 1014-02 , C81          , C3           ,             0.02 ,           17.265 ,0,         18.475 ,             0.02 ,            35.74 ,  0.00204978938414078 ,     3.66297362945957
 1014-01 , C81          , C3           ,             4.46 ,            5.575 ,0,          0.575 ,             4.46 ,             6.15 ,    0.296455824094015 ,    0.408789981654303
 1013-04 , C81          , C3           ,             1.23 ,              8.9 ,          0.02 ,           18.4 ,             1.25 ,             27.3 ,    0.176421605295471 ,     3.85304785965309
 1013-03 , C81          , C3           ,            10.11 ,             6.71 ,          0.27 ,         537.44 ,            10.38 ,           544.15 ,    0.614608497939463 ,     32.2195774714604
 1013-02 , C81          , C3           ,             4.37 ,             1.22 ,          0.56 ,         141.31 ,             4.93 ,           142.53 ,    0.459965292679741 ,     13.2979418185889
 1013-01 , C81          , C3           ,            20.79 ,             3.56 ,          1.15 ,         396.06 ,            21.94 ,           399.62 ,     1.27672450915354 ,     23.2545418572443
 1012-04 , C81          , C3           ,0,             0.57 ,0,         509.12 ,0,           509.69 ,0,     28.8032053165759
 1012-03 , C81          , C3           ,             4.05 ,            229.1 ,          0.13 ,           0.43 ,             4.18 ,           229.53 ,     0.58852516719465 ,     32.3167898627244
 1012-02 , C81          , C3           ,           22.575 ,             7.75 ,          2.99 ,         264.43 ,           25.565 ,           272.18 ,     2.62671201208298 ,     27.9655183042732
 1012-01 , C81          , C3           ,            2.765 ,            19.39 ,          2.07 ,         320.83 ,            4.835 ,           340.22 ,    0.322047784297922 ,     22.6612403668747
 1011-04 , C81          , C3           ,              2.4 ,             2.45 ,          0.23 ,         443.91 ,             2.63 ,           446.36 ,    0.173790077445616 ,     29.4954140565115
 1011-03 , C81          , C3           ,             1.74 ,             3.88 ,           0.1 ,         972.57 ,             1.84 ,           976.45 ,   0.0698074982358431 ,      37.045397637168
 1011-02 , C81          , C3           ,             5.21 ,            10.06 ,          0.03 ,        1423.05 ,             5.24 ,          1433.11 ,    0.137568915725912 ,     37.6243108427409
 1011-01 , C81          , C3           ,             2.54 ,            13.95 ,0,         676.46 ,             2.54 ,           690.41 ,    0.118275414080362 ,     32.1490270217413
 934-07  , C81          , C3           ,            26.13 ,            12.28 ,0,0,            26.13 ,            12.28 ,     1.19746483907777 ,    0.562758064442214
 934-06  , C81          , C3           ,            35.24 ,             6.07 ,          0.55 ,          16.48 ,            35.79 ,            22.55 ,     2.02064114000519 ,     1.27313377220221
 934-05  , C81          , C3           ,            16.98 ,             0.88 ,          1.86 ,            1.1 ,            18.84 ,             1.98 ,     1.27014946504055 ,    0.133487045688975
 934-04  , C81          , C3           ,            13.06 ,            33.16 ,          0.85 ,         171.04 ,            13.91 ,            204.2 ,    0.536833492852512 ,     7.88076198709439
 934-03  , C81          , C3           ,            19.75 ,           262.92 ,          0.75 ,         110.43 ,             20.5 ,           373.35 ,    0.374671477082899 ,     6.82359004726344
 934-02  , C81          , C3           ,             4.28 ,            42.92 ,0,          52.55 ,             4.28 ,            95.47 ,   0.0962721532796639 ,     2.14745384897418
 934-01  , C81          , C3           ,            13.49 ,           630.21 ,          1.55 ,         209.16 ,            15.04 ,           839.37 ,    0.138249906929501 ,     7.71561332309941
 933-03  , C81          , C3           ,            27.59 ,            81.55 ,          2.99 ,          11.52 ,            30.58 ,            93.07 ,     1.02859410896101 ,     3.13051843430351
 933-02  , C81          , C3           ,             9.96 ,           131.19 ,          6.75 ,          89.79 ,            16.71 ,           220.98 ,    0.486795915691958 ,     6.43759194791196
 933-01  , C81          , C3           ,             2.35 ,           677.69 ,0,          36.86 ,             2.35 ,           714.55 ,   0.0598912273369047 ,     18.2107559547171
 932-04  , C81          , C3           ,             0.06 ,           245.49 ,0,          30.49 ,             0.06 ,           275.98 ,  0.00995222929936306 ,     45.7769373673036
 932-03  , C81          , C3           ,             2.15 ,            70.21 ,          0.29 ,         135.61 ,             2.44 ,           205.82 ,   0.0886305848165637 ,     7.47620777333818
 932-02  , C81          , C3           ,             1.58 ,             1.81 ,          0.15 ,           4.83 ,             1.73 ,             6.64 ,    0.307681363046223 ,     1.18092731250111
 932-01  , C81          , C3           ,             1.74 ,            11.47 ,          0.02 ,           3.57 ,             1.76 ,            15.04 ,    0.398731309469869 ,     3.40734028092433
 931-03  , C81          , C3           ,0,             1.03 ,0,           0.78 ,0,             1.81 ,0,    0.251861128504836
 931-02  , C81          , C3           ,             7.17 ,             4.95 ,0,0,             7.17 ,             4.95 ,    0.502463261315935 ,    0.346888862414767
 931-01  , C81          , C3           ,             5.89 ,             2.19 ,          0.06 ,           0.17 ,             5.95 ,             2.36 ,    0.244179699843643 ,   0.0968511078371424
 922-03  , C81          , C3           ,             5.49 ,0,0,           0.58 ,             5.49 ,             0.58 ,    0.805505017900112 ,   0.0850988907799754
 922-02  , C81          , C3           ,             9.92 ,0,          0.76 ,           0.02 ,            10.68 ,             0.02 ,     2.79486038782613 ,  0.00523382095098527
 821-03  , C81          , C3           ,             5.44 ,             7.78 ,          0.14 ,           8.46 ,             5.58 ,            16.24 ,     0.25885824032065 ,     0.75337953813752
 121-02  , C81          , C3           ,         374.1575 ,             0.42 ,         10.74 ,         1.3225 ,         384.8975 ,           1.7425 ,     46.5605569399753 ,    0.210787990225728
 814-03  , C81          , C3           ,             0.91 ,             1.45 ,          0.29 ,            2.9 ,              1.2 ,             4.35 ,   0.0348263182487005 ,    0.126245403651539
